№;Прізвище Ім’я;Дата народж.;Група;Квал.;Регіон;Клас;Клуб;Тренер;ДЮСШ
;;;;;;;;;
;;;;;;;;;
1;Алейникова Ксенія;13.03.2012;Ж16;ІІІ;Харківська;O;;;
2;Алексєєва Марина;12.03.2000;Ж21Е;КМСУ;Донецька;O;КСТО Зеніт Краматорськ;Тарасенко С.В., Гур’єва І. В.;ОДЮСШ для дітей сиріт
3;Анащенков Віталій;12.03.2009;Ч18;ІІ;Донецька;O;КСТО Зеніт Краматорськ;Гур’єва І. В., Тарасенко С.В., Алексєєва М.І.;ОДЮСШ для дітей сиріт
4;Бєланенко Сергій;25.01.1972;Ч21Е;МСМК;Сумська;O;СК СКІФ;Лозовська Н.О.;
5;Булавін Егор;11.03.2014;Ч14;ІІІ-ю;Харківська;O;;;Харківська ОблСЮТур
6;Булейко Валерій;20.11.1964;Ч21Е;КМСУ;м.Київ;O;Магнітна стрілка;;
7;Вовк Владислав;21.11.1968;Ч21Е;МСМК;Харківська;O;КСО Пролісок;Опанасенко М.В.;
8;Ганенко Тимур;28.10.2011;Ч16;ІІІ;Харківська;O;;;
9;Гладка Діана;16.08.2011;Ж16;ІІІ;Харківська;O;;;
10;Гладкий Олександр;08.02.1961;Ч21Е;КМСУ;Дніпропетровська;O;Карніка;;
11;Горбачинська Вероніка;11.07.2014;Ж14;ІІІ-ю;Івано-Франківська;O;Клуб ”Мухомор”;Пустова Н.О.;ДЮСШ Тисмениця
12;Горленко Іван;19.01.2012;Ч14;ІІІ;Харківська;O;ХЦДЮТ;Самойлов А.А.;
13;Грохольський Іван;11.10.2010;Ч20;МСУ;м.Київ;O;СОК ЛІДЕР-СПОРТ;Черниш Т.А.;Київ ДЮСШ №12
14;Гук Анастасія;06.06.2012;Ж20;КМСУ;м.Київ;O;СОК ЛІДЕР-СПОРТ;Черниш Т.А.;Київ ДЮСШ №12
15;Долгопятов Гордій;30.12.2014;Ч16;ІІІ;м.Київ;O;;Турлова Н.М.;Київ ДЮСШ №12
16;Жиров Артем;25.07.2013;Ч14;ІІІ;Харківська;O;;;
17;Кириченко Алла;27.05.1971;Ж21Е;КМСУ;Одеська;O;Спорт для всех;Кириченко В.А.;
18;Кириченко Віталій;16.08.1971;Ч21Е;МСМК;Одеська;O;Odesa Team;Кириченко В.А.;
19;Кириченко Дем’ян;06.02.2013;Ч16;ІІ-ю;Одеська;O;Спорт для всех;Кириченко В.А.;
20;Кириченко Ірина;05.07.1961;Ж21Е;МСМК;Дніпропетровська;O;Карніка;Заєрко В.В.;
21;Кобута Матвій;04.06.2013;Ч14;І-ю;Івано-Франківська;O;Азимут;Козачинський О.Д.;ДЮСШ КМР
22;Коваль Матвій;13.08.2009;Ч20;МСУ;м.Київ;O;СОК ЛІДЕР-СПОРТ;Черниш Т.А.;Київ ДЮСШ №12
23;Козюминський Ілля;12.05.2013;Ч14;ІІІ-ю;Харківська;O;ХЦДЮТ;Самойлов А.А.;
24;Король Валерія;21.08.2014;Ж20;КМСУ;м.Київ;O;;Турлова Н.М.;Київ ДЮСШ №12
25;Король Євгенія;21.08.2014;Ж20;КМСУ;м.Київ;O;;Турлова Н.М.;Київ ДЮСШ №12
26;Костюк Олександра;31.08.2010;Ж16;І;Донецька;O;ДОЦТТДЮ Бахмут;Дойч Т.Л., Алексєєва М.І., Тарасенко С.В.;ОДЮСШ для дітей сиріт
27;Куликова Ірина;05.10.1974;Ж21Е;МСМК;Дніпропетровська;O;Інваспорт;Цодіков В.Й., Тяпкіна К.М.;
28;Курочкін Дмитро;25.02.1998;Ч21Е;МСМК;Львівська;O;LeO-Team;Максімова Г.Є., Заєрко В.В.;
29;Ладигін Нікіта;17.01.2010;Ч18;КМСУ;м.Київ;O;СОК ЛІДЕР-СПОРТ;Черниш Т.А.;Київ ДЮСШ №12
30;Литвинов Валерій;17.07.1964;Ч21Е;МСМК;Харківська;O;КСО Пролісок;Опанасенко М.В.;
31;Малов Данііл;07.11.2008;Ч20;МСУ;м.Київ;O;СОК ЛІДЕР-СПОРТ;Черниш Т.А.;Київ ДЮСШ №12
32;Матвієнко Богдан;21.08.2006;Ч20;ІІ;Донецька;O;КСТО Зеніт Краматорськ;Тарасенко С.В., Алексєєва М.І.;ОДЮСШ для дітей сиріт
33;Микитин Анастасія;04.01.2016;Ж12;ІІІ-ю;Івано-Франківська;O;Клуб ”Мухомор”;Пустова Н.О.;ДЮСШ Тисмениця
34;Овчаренко Віолета;04.08.2006;Ж20;МСУ;Донецька;O;КСТО Зеніт Краматорськ;Гур’єва І. В., Тарасенко С.В.;ОДЮСШ для дітей сиріт
35;Опанасенко Микола;22.04.1955;Ч21Е;МСМК;Харківська;O;КСО Пролісок;Пуговкiн А.Ю., Опанасенко М.В.;
36;Павленко Дмитро;21.06.2012;Ч14;ІІІ;Харківська;O;;;
37;Петріщев Борис;05.07.2011;Ч18;І;м.Київ;O;СОК ЛІДЕР-СПОРТ;Черниш Т.А.;КПДЮ
38;Піпікало Дмитро;22.03.1991;Ч21Е;МСУ;Дніпропетровська;O;СК Наш клуб;Заєрко В.В.;ОДЮСШ
39;Познянський Владислав;18.09.1967;Ч21Е;МСМК;Дніпропетровська;O;Інваспорт;Заєрко В.В.;
40;Пустова Наталія;17.11.1983;Ж21Е;МСУ;Івано-Франківська;O;Клуб ”Мухомор”;Хасаншин Р.Р.;
41;Самойлов Андрій;10.03.1972;Ч21Е;І;Харківська;O;;Опанасенко М.В.;
42;Сільвестров Андрій;01.01.2010;Ч20;МСУ;м.Київ;O;СОК ЛІДЕР-СПОРТ;Черниш Т.А.;Київ ДЮСШ №12
43;Сіроус Артем;10.07.2012;Ч14;ІІІ;Харківська;O;;;
44;Стефанишин Богдан;01.01.2014;Ч12;ІІ-ю;Івано-Франківська;O;Азимут;Козачинський О.Д.;ДЮСШ КМР
45;Стоічев Мирослав;17.12.2016;Ч12;ІІІ-ю;Івано-Франківська;O;Клуб ”Мухомор”;Пустова Н.О.;ДЮСШ Тисмениця
46;Стоцький Андрій;23.03.2009;Ч20;КМСУ;м.Київ;O;;Турлова Н.М.;Київ ДЮСШ №12
47;Страхова Марія;27.11.2009;Ж18;ІІ;Донецька;O;КСТО Зеніт Краматорськ;Гур’єва І. В., Тарасенко С.В., Алексєєва М.І.;ОДЮСШ для дітей сиріт
48;Тарасенко Сергій;28.04.1972;Ч21Е;КМСУ;Донецька;O;КСТО Зеніт Краматорськ;Тарасенко С.В.;ОДЮСШ для дітей сиріт
49;Треус Ангеліна;29.07.2009;Ж18;ІІ;Донецька;O;КСТО Зеніт Краматорськ;Гур’єва І. В., Тарасенко С.В., Алексєєва М.І.;ОДЮСШ для дітей сиріт
50;Турлова Надія;20.05.1958;Ж21Е;КМСУ;м.Київ;O;;Турлова Н.М.;Київ ДЮСШ №12
51;Хасаншин Тимур;25.05.2018;Ч12;б/р ю;Івано-Франківська;O;Клуб ”Мухомор”;Пустова Н.О.;
52;Хацаюк Валентин;08.10.2018;Ч12;ІІІ-ю;Івано-Франківська;O;Клуб ”Мухомор”;Пустова Н.О.;ДЮСШ Тисмениця
53;Черниш Тетяна;14.10.1969;Ж21Е;МСМК;м.Київ;O;O-club;Черниш Є.Ю.;Київ ДЮСШ №12
54;Щендригіна Юлія;31.01.1977;Ж21Е;МСУ;Харківська;O;КСО Пролісок;Бондаренко В.І., Опанасенко М.В.;
55;Щербак Максим;07.10.2011;Ч16;ІІІ;Харківська;O;;;
56;Юрченко Григорій;18.11.2011;Ч18;КМСУ;м.Київ;O;СОК ЛІДЕР-СПОРТ;Черниш Т.А.;КПДЮ
57;Юрченко Михайло;18.11.2011;Ч18;КМСУ;м.Київ;O;СОК ЛІДЕР-СПОРТ;Черниш Т.А.;КПДЮ
58;;;;;;;;;
59;;;;;;;;;
60;;;;;;;;;
61;;;;;;;;;
62;;;;;;;;;
63;;;;;;;;;
64;;;;;;;;;
65;;;;;;;;;
66;;;;;;;;;
67;;;;;;;;;
68;;;;;;;;;
69;;;;;;;;;
70;;;;;;;;;
